{
  "train_loss": [
    0.13700610883027586,
    0.038995849892904395,
    0.02136415643556852,
    0.016507889717666636,
    0.010064636394573041,
    0.009819357012241505,
    0.006245219382723097,
    0.004875386849276553,
    0.0049408166162346135,
    0.004985976800242334
  ],
  "train_acc": [
    95.86,
    98.76333333333334,
    99.31666666666666,
    99.48833333333333,
    99.66833333333334,
    99.65833333333333,
    99.79166666666667,
    99.83166666666666,
    99.85833333333333,
    99.855
  ],
  "test_loss": [
    0.04594299019116739,
    0.038747547064460354,
    0.04486268414346422,
    0.04053122775850419,
    0.0441603738695253,
    0.048007285937395644,
    0.04751715230378331,
    0.06467821974186223,
    0.06184796784411572,
    0.05513842336793455
  ],
  "test_acc": [
    98.48,
    98.73,
    98.72,
    98.7,
    98.87,
    98.69,
    98.87,
    98.65,
    98.62,
    98.72
  ]
}