{
  "train_loss": [
    0.14074529074271447,
    0.039857958081247376,
    0.022186039636527294,
    0.015306248574635323,
    0.010376903811129814
  ],
  "train_acc": [
    95.795,
    98.715,
    99.31166666666667,
    99.51833333333333,
    99.66666666666667
  ],
  "test_loss": [
    0.0515558954360183,
    0.041482789661982954,
    0.03698801981625562,
    0.03626129742979261,
    0.04568053462409929
  ],
  "test_acc": [
    98.36,
    98.59,
    98.8,
    98.92,
    98.79
  ]
}